{
    "action": {
        "min": [
            90.0,
            90.0,
            90.0,
            90.0,
            90.0,
            90.0,
            0.0,
            0.0,
            0.0
        ],
        "max": [
            90.0,
            90.0,
            90.0,
            90.0,
            90.0,
            90.0,
            0.0,
            0.0,
            0.0
        ],
        "mean": [
            90.0,
            90.0,
            90.0,
            90.0,
            90.0,
            90.0,
            0.0,
            0.0,
            0.0
        ],
        "std": [
            0.0,
            0.0,
            0.0,
            0.0,
            0.0,
            0.0,
            0.0,
            0.0,
            0.0
        ],
        "count": [
            30
        ],
        "q01": [
            90.0,
            90.0,
            90.0,
            90.0,
            90.0,
            90.0,
            3.9999999999994176e-16,
            3.9999999999994176e-16,
            3.9999999999994176e-16
        ],
        "q10": [
            90.0,
            90.0,
            90.0,
            90.0,
            90.0,
            90.0,
            3.999999999999417e-15,
            3.999999999999417e-15,
            3.999999999999417e-15
        ],
        "q50": [
            90.00000000000003,
            90.00000000000003,
            90.00000000000003,
            90.00000000000003,
            90.00000000000003,
            90.00000000000003,
            1.9999999999997088e-14,
            1.9999999999997088e-14,
            1.9999999999997088e-14
        ],
        "q90": [
            90.00000000000004,
            90.00000000000004,
            90.00000000000004,
            90.00000000000004,
            90.00000000000004,
            90.00000000000004,
            3.599999999999476e-14,
            3.599999999999476e-14,
            3.599999999999476e-14
        ],
        "q99": [
            90.00000000000004,
            90.00000000000004,
            90.00000000000004,
            90.00000000000004,
            90.00000000000004,
            90.00000000000004,
            3.9599999999994235e-14,
            3.9599999999994235e-14,
            3.9599999999994235e-14
        ]
    },
    "observation.state": {
        "min": [
            90.0,
            90.0,
            90.0,
            90.0,
            90.0,
            90.0
        ],
        "max": [
            90.0,
            90.0,
            90.0,
            90.0,
            90.0,
            90.0
        ],
        "mean": [
            90.0,
            90.0,
            90.0,
            90.0,
            90.0,
            90.0
        ],
        "std": [
            0.0,
            0.0,
            0.0,
            0.0,
            0.0,
            0.0
        ],
        "count": [
            30
        ],
        "q01": [
            90.0,
            90.0,
            90.0,
            90.0,
            90.0,
            90.0
        ],
        "q10": [
            90.0,
            90.0,
            90.0,
            90.0,
            90.0,
            90.0
        ],
        "q50": [
            90.00000000000003,
            90.00000000000003,
            90.00000000000003,
            90.00000000000003,
            90.00000000000003,
            90.00000000000003
        ],
        "q90": [
            90.00000000000004,
            90.00000000000004,
            90.00000000000004,
            90.00000000000004,
            90.00000000000004,
            90.00000000000004
        ],
        "q99": [
            90.00000000000004,
            90.00000000000004,
            90.00000000000004,
            90.00000000000004,
            90.00000000000004,
            90.00000000000004
        ]
    },
    "timestamp": {
        "min": [
            0.0
        ],
        "max": [
            2.9
        ],
        "mean": [
            1.45
        ],
        "std": [
            0.8655441448399189
        ],
        "count": [
            30
        ],
        "q01": [
            -1e-10
        ],
        "q10": [
            0.2000999999138
        ],
        "q50": [
            1.4001199999965601
        ],
        "q90": [
            2.6001400000793202
        ],
        "q99": [
            2.899826000099988
        ]
    },
    "frame_index": {
        "min": [
            0
        ],
        "max": [
            29
        ],
        "mean": [
            14.5
        ],
        "std": [
            8.655441448399191
        ],
        "count": [
            30
        ],
        "q01": [
            -1e-10
        ],
        "q10": [
            2.0009999999138
        ],
        "q50": [
            14.00119999999656
        ],
        "q90": [
            26.00140000007932
        ],
        "q99": [
            28.998260000099986
        ]
    },
    "episode_index": {
        "min": [
            0
        ],
        "max": [
            0
        ],
        "mean": [
            0.0
        ],
        "std": [
            0.0
        ],
        "count": [
            30
        ],
        "q01": [
            3.9999999999994176e-16
        ],
        "q10": [
            3.999999999999417e-15
        ],
        "q50": [
            1.9999999999997088e-14
        ],
        "q90": [
            3.599999999999476e-14
        ],
        "q99": [
            3.9599999999994235e-14
        ]
    },
    "index": {
        "min": [
            0
        ],
        "max": [
            29
        ],
        "mean": [
            14.5
        ],
        "std": [
            8.655441448399191
        ],
        "count": [
            30
        ],
        "q01": [
            -1e-10
        ],
        "q10": [
            2.0009999999138
        ],
        "q50": [
            14.00119999999656
        ],
        "q90": [
            26.00140000007932
        ],
        "q99": [
            28.998260000099986
        ]
    },
    "task_index": {
        "min": [
            0
        ],
        "max": [
            0
        ],
        "mean": [
            0.0
        ],
        "std": [
            0.0
        ],
        "count": [
            30
        ],
        "q01": [
            3.9999999999994176e-16
        ],
        "q10": [
            3.999999999999417e-15
        ],
        "q50": [
            1.9999999999997088e-14
        ],
        "q90": [
            3.599999999999476e-14
        ],
        "q99": [
            3.9599999999994235e-14
        ]
    }
}