{
    "index": {
        "min": [
            0
        ],
        "max": [
            499
        ],
        "mean": [
            249.5
        ],
        "std": [
            144.33727862198316
        ],
        "count": [
            500
        ],
        "q01": [
            199.9999999999
        ],
        "q10": [
            209.00899999991822
        ],
        "q50": [
            249.00499999999897
        ],
        "q90": [
            289.0010000000798
        ],
        "q99": [
            298.01000000009805
        ]
    },
    "episode_index": {
        "min": [
            0
        ],
        "max": [
            4
        ],
        "mean": [
            2.0
        ],
        "std": [
            1.4142135623730951
        ],
        "count": [
            500
        ],
        "q01": [
            2.0000000000000004
        ],
        "q10": [
            2.000000000000004
        ],
        "q50": [
            2.00000000000002
        ],
        "q90": [
            2.0000000000000355
        ],
        "q99": [
            2.0000000000000395
        ]
    },
    "timestamp": {
        "min": [
            0.0
        ],
        "max": [
            9.9
        ],
        "mean": [
            4.95
        ],
        "std": [
            2.886607004772213
        ],
        "count": [
            500
        ],
        "q01": [
            -9.999999999999999e-11
        ],
        "q10": [
            0.9008999999182001
        ],
        "q50": [
            4.900499999999001
        ],
        "q90": [
            8.900100000079801
        ],
        "q99": [
            9.801000000098
        ]
    },
    "frame_index": {
        "min": [
            0
        ],
        "max": [
            99
        ],
        "mean": [
            49.5
        ],
        "std": [
            28.86607004772212
        ],
        "count": [
            500
        ],
        "q01": [
            -9.999999999999999e-11
        ],
        "q10": [
            9.0089999999182
        ],
        "q50": [
            49.004999999998994
        ],
        "q90": [
            89.0010000000798
        ],
        "q99": [
            98.010000000098
        ]
    },
    "observation.state": {
        "min": [
            90.0,
            0.0,
            3.0,
            89.0,
            90.0,
            90.0
        ],
        "max": [
            90.0,
            94.0,
            93.0,
            90.0,
            90.0,
            90.0
        ],
        "mean": [
            90.0,
            60.69000015258789,
            73.02799987792969,
            89.99799957275391,
            90.0,
            90.0
        ],
        "std": [
            0.0,
            22.608093931898043,
            24.57435915250672,
            0.04546193903039269,
            0.0,
            0.0
        ],
        "count": [
            500
        ],
        "q01": [
            90.0,
            39.5999999999,
            46.1999999999,
            89.79999999998,
            90.0,
            90.0
        ],
        "q10": [
            90.0,
            42.60207999990682,
            48.19933714276235,
            89.99996363638363,
            90.0,
            90.0
        ],
        "q50": [
            90.00000000000003,
            60.40300727269224,
            79.79727857142643,
            89.99997979799981,
            90.00000000000003,
            90.00000000000003
        ],
        "q90": [
            90.00000000000003,
            76.20071809525443,
            88.39989701301741,
            89.99999595961597,
            90.00000000000003,
            90.00000000000003
        ],
        "q99": [
            90.00000000000003,
            90.79859222232221,
            90.59775357152856,
            89.9999995959796,
            90.00000000000003,
            90.00000000000003
        ]
    },
    "task_index": {
        "min": [
            0
        ],
        "max": [
            0
        ],
        "mean": [
            0.0
        ],
        "std": [
            0.0
        ],
        "count": [
            500
        ],
        "q01": [
            3.9999999999994176e-16
        ],
        "q10": [
            3.999999999999417e-15
        ],
        "q50": [
            1.9999999999997088e-14
        ],
        "q90": [
            3.5999999999994766e-14
        ],
        "q99": [
            3.9599999999994235e-14
        ]
    },
    "action": {
        "min": [
            90.0,
            0.0,
            0.0,
            90.0,
            90.0,
            90.0,
            0.0,
            0.0,
            0.0
        ],
        "max": [
            90.0,
            94.0,
            94.0,
            90.0,
            90.0,
            90.0,
            0.0,
            0.0,
            0.0
        ],
        "mean": [
            90.0,
            57.85199966430664,
            72.09599990844727,
            90.0,
            90.0,
            90.0,
            0.0,
            0.0,
            0.0
        ],
        "std": [
            0.0,
            21.69981820708883,
            25.151837101255982,
            0.0,
            0.0,
            0.0,
            0.0,
            0.0,
            0.0
        ],
        "count": [
            500
        ],
        "q01": [
            90.0,
            39.199999999919996,
            46.39999999993999,
            90.0,
            90.0,
            90.0,
            3.9999999999994176e-16,
            3.9999999999994176e-16,
            3.9999999999994176e-16
        ],
        "q10": [
            90.0,
            42.00075999992737,
            47.999879999943396,
            90.0,
            90.0,
            90.0,
            3.999999999999417e-15,
            3.999999999999417e-15,
            3.999999999999417e-15
        ],
        "q50": [
            90.00000000000003,
            57.60067199996769,
            77.60164000003071,
            90.00000000000003,
            90.00000000000003,
            90.00000000000003,
            1.9999999999997088e-14,
            1.9999999999997088e-14,
            1.9999999999997088e-14
        ],
        "q90": [
            90.00000000000003,
            71.6035733333955,
            88.000888753856,
            90.00000000000003,
            90.00000000000003,
            90.00000000000003,
            3.5999999999994766e-14,
            3.5999999999994766e-14,
            3.5999999999994766e-14
        ],
        "q99": [
            90.00000000000003,
            76.80160000007888,
            89.59894887543993,
            90.00000000000003,
            90.00000000000003,
            90.00000000000003,
            3.9599999999994235e-14,
            3.9599999999994235e-14,
            3.9599999999994235e-14
        ]
    }
}