{
    "timestamp": {
        "min": [
            0.0
        ],
        "max": [
            29.9
        ],
        "mean": [
            14.95
        ],
        "std": [
            8.66020592518831
        ],
        "count": [
            600
        ],
        "q01": [
            0.20331999990135996
        ],
        "q10": [
            2.9002999999193997
        ],
        "q50": [
            14.902159999999679
        ],
        "q90": [
            26.90402000007996
        ],
        "q99": [
            29.601000000097997
        ]
    },
    "index": {
        "min": [
            0
        ],
        "max": [
            599
        ],
        "mean": [
            299.5
        ],
        "std": [
            173.2048401941085
        ],
        "count": [
            600
        ],
        "q01": [
            152.03319999990137
        ],
        "q10": [
            179.00299999991944
        ],
        "q50": [
            299.02159999999964
        ],
        "q90": [
            419.04020000007995
        ],
        "q99": [
            446.010000000098
        ]
    },
    "observation.state": {
        "min": [
            90.0,
            -19.0,
            -6.0,
            62.0,
            80.0,
            90.0
        ],
        "max": [
            92.0,
            90.0,
            254.0,
            254.0,
            106.0,
            146.0
        ],
        "mean": [
            90.01666641235352,
            59.27500057220459,
            55.26999855041504,
            78.21166610717773,
            83.82333374023438,
            90.33499908447266
        ],
        "std": [
            0.1726811601278271,
            33.329806936016894,
            33.469596985623625,
            11.629132179627385,
            5.074676417098349,
            3.8065294884608254
        ],
        "count": [
            600
        ],
        "q01": [
            89.99999999995,
            19.0039999999312,
            14.990163568674134,
            66.9999999999,
            79.9999999999,
            89.99999999995
        ],
        "q10": [
            89.99999999995,
            56.48981660899651,
            14.992371747112799,
            71.99872509648063,
            79.9999999999,
            89.99999999995
        ],
        "q50": [
            89.99999999995002,
            56.49434256055362,
            63.002930152178685,
            81.98445907332503,
            85.00036830594941,
            89.99999999995002
        ],
        "q90": [
            89.99999999995002,
            61.996218512127136,
            63.02158009946827,
            82.00329305015902,
            85.0020732239822,
            89.99999999995002
        ],
        "q99": [
            90.99985000005002,
            89.9991937478628,
            105.51128275863195,
            90.01439157089582,
            94.50029655179722,
            104.00560000000004
        ]
    },
    "action": {
        "min": [
            90.0,
            24.0,
            -6.0,
            72.0,
            80.0,
            90.0,
            0.0,
            0.0,
            0.0
        ],
        "max": [
            90.0,
            90.0,
            90.0,
            90.0,
            90.0,
            90.0,
            0.0,
            0.0,
            0.0
        ],
        "mean": [
            90.0,
            57.143333435058594,
            50.57333183288574,
            83.79000091552734,
            82.95000076293945,
            90.0,
            0.0,
            0.0,
            0.0
        ],
        "std": [
            0.0,
            32.7547343229891,
            31.060234923141955,
            3.8491269373825183,
            4.54578644716383,
            0.0,
            0.0,
            0.0,
            0.0
        ],
        "count": [
            600
        ],
        "q01": [
            90.0,
            53.000399999933336,
            12.00099999992002,
            76.9999999999,
            79.99999999995,
            90.0,
            3.9999999999994176e-16,
            3.9999999999994176e-16,
            3.9999999999994176e-16
        ],
        "q10": [
            90.0,
            56.99889795918366,
            15.999081632653045,
            81.99905263157893,
            79.99999999995,
            90.0,
            3.999999999999417e-15,
            3.999999999999417e-15,
            3.999999999999417e-15
        ],
        "q50": [
            90.00000000000003,
            56.999387755102035,
            63.99202865612198,
            84.00027368426053,
            84.99914285719285,
            90.00000000000003,
            1.9999999999997088e-14,
            1.9999999999997088e-14,
            1.9999999999997088e-14
        ],
        "q90": [
            90.00000000000004,
            56.9998775510204,
            63.998405731304395,
            85.99973366311659,
            84.9998285714786,
            90.00000000000004,
            3.599999999999476e-14,
            3.599999999999476e-14,
            3.599999999999476e-14
        ],
        "q99": [
            90.00000000000004,
            62.99926775520203,
            63.99984057322044,
            85.99997336640166,
            84.99998285719288,
            90.00000000000004,
            3.9599999999994235e-14,
            3.9599999999994235e-14,
            3.9599999999994235e-14
        ]
    },
    "episode_index": {
        "min": [
            0
        ],
        "max": [
            1
        ],
        "mean": [
            0.5
        ],
        "std": [
            0.5
        ],
        "count": [
            600
        ],
        "q01": [
            0.5000000000000003
        ],
        "q10": [
            0.500000000000004
        ],
        "q50": [
            0.50000000000002
        ],
        "q90": [
            0.500000000000036
        ],
        "q99": [
            0.5000000000000396
        ]
    },
    "task_index": {
        "min": [
            0
        ],
        "max": [
            0
        ],
        "mean": [
            0.0
        ],
        "std": [
            0.0
        ],
        "count": [
            600
        ],
        "q01": [
            3.9999999999994176e-16
        ],
        "q10": [
            3.999999999999417e-15
        ],
        "q50": [
            1.9999999999997088e-14
        ],
        "q90": [
            3.599999999999476e-14
        ],
        "q99": [
            3.9599999999994235e-14
        ]
    },
    "observation.images.front": {
        "min": [
            [
                [
                    0.0
                ]
            ],
            [
                [
                    0.0
                ]
            ],
            [
                [
                    0.0
                ]
            ]
        ],
        "max": [
            [
                [
                    1.0
                ]
            ],
            [
                [
                    1.0
                ]
            ],
            [
                [
                    1.0
                ]
            ]
        ],
        "mean": [
            [
                [
                    0.6243205688316994
                ]
            ],
            [
                [
                    0.5828972089460784
                ]
            ],
            [
                [
                    0.5727165512663399
                ]
            ]
        ],
        "std": [
            [
                [
                    0.028515448325163395
                ]
            ],
            [
                [
                    0.0359249969362746
                ]
            ],
            [
                [
                    0.04557158598856209
                ]
            ]
        ],
        "count": [
            200
        ],