{
    "frame_index": {
        "min": [
            0
        ],
        "max": [
            399
        ],
        "mean": [
            199.5
        ],
        "std": [
            115.46969299344309
        ],
        "count": [
            1200
        ],
        "q01": [
            3.032399999901519
        ],
        "q10": [
            39.02219999991956
        ],
        "q50": [
            199.02119999999977
        ],
        "q90": [
            359.0202000000799
        ],
        "q99": [
            395.010000000098
        ]
    },
    "observation.images.front": {
        "min": [
            [
                [
                    0.0
                ]
            ],
            [
                [
                    0.0
                ]
            ],
            [
                [
                    0.0
                ]
            ]
        ],
        "max": [
            [
                [
                    1.0
                ]
            ],
            [
                [
                    1.0
                ]
            ],
            [
                [
                    1.0
                ]
            ]
        ],
        "mean": [
            [
                [
                    0.5913586587690631
                ]
            ],
            [
                [
                    0.5556741598583879
                ]
            ],
            [
                [
                    0.5516901729302832
                ]
            ]
        ],
        "std": [
            [
                [
                    0.007410552907780541
                ]
            ],
            [
                [
                    0.0053432346288376795
                ]
            ],
            [
                [
                    0.004741132887754382
                ]
            ]
        ],
        "count": [
            300
        ],
        "q01": [
            [
                [
                    0.007887260636425983
                ]
            ],
            [
                [
                    0.032704910390754884
                ]
            ],
            [
                [
                    0.05104344286857691
                ]
            ]
        ],
        "q10": [
            [
                [
                    0.1360916810652213
                ]
            ],
            [
                [
                    0.14768707596517552
                ]
            ],
            [
                [
                    0.17254476856191908
                ]
            ]
        ],
        "q50": [
            [
                [
                    0.6692554210733742
                ]
            ],
            [
                [
                    0.6275050819118261
                ]
            ],
            [
                [
                    0.6248157126308842
                ]
            ]
        ],
        "q90": [
            [
                [
                    0.8731496371746734
                ]
            ],
            [
                [
                    0.815695362192631
                ]
            ],
            [
                [
                    0.8197575800083623
                ]
            ]
        ],
        "q99": [
            [
                [
                    0.9999287743838234
                ]
            ],
            [
                [
                    0.9998938475216753
                ]
            ],
            [
                [
                    0.9960807774453394
                ]
            ]
        ]
    },
    "task_index": {
        "min": [
            0
        ],
        "max": [
            0
        ],
        "mean": [
            0.0
        ],
        "std": [
            0.0
        ],
        "count": [
            1200
        ],
        "q01": [
            3.9999999999994176e-16
        ],
        "q10": [
            3.999999999999417e-15
        ],
        "q50": [
            1.9999999999997088e-14
        ],
        "q90": [
            3.599999999999476e-14
        ],
        "q99": [
            3.9599999999994235e-14
        ]
    },
    "observation.state": {
        "min": [
            90.0,
            0.0,
            74.0,
            90.0,
            90.0,
            90.0
        ],
        "max": [
            90.0,
            98.0,
            90.0,
            90.0,
            90.0,
            92.0
        ],
        "mean": [
            90.0,
            51.74166615804037,
            86.34166717529297,
            90.0,
            90.0,
            90.94499969482422
        ],
        "std": [
            0.0,
            29.458699936371477,
            1.5863632500549114,
            0.0,
            0.0,
            0.9959151591171578
        ],
        "count": [
            1200
        ],
        "q01": [
            90.0,
            -1.0000000000000002e-10,
            81.9999999999,
            90.0,
            90.0,
            89.99999999993332
        ],
        "q10": [
            90.0,
            9.334884444364073,
            85.99901692784967,
            90.0,
            90.0,
            90.66653479853477
        ],
        "q50": [
            90.00000000000004,
            52.681676190486776,
            85.99955193307434,
            90.00000000000004,
            90.00000000000004,
            91.00006007329343
        ],
        "q90": [
            90.00000000000004,
            89.99999710830822,
            87.33265608462274,
            90.00000000000004,
            90.00000000000004,
            91.33329201471868
        ],
        "q99": [
            90.00000000000004,
            93.99745238104961,
            89.99986762876765,
            90.00000000000004,
            90.00000000000004,
            91.33332920153188
        ]
    },
    "action": {
        "min": [
            90.0,
            0.0,
            74.0,
            90.0,
            90.0,
            90.0,
            0.0,
            0.0,
            0.0
        ],
        "max": [
            90.0,
            100.0,
            90.0,
            90.0,
            90.0,
            92.0,
            0.0,
            0.0,
            0.0
        ],
        "mean": [
            90.0,
            48.131666819254555,
            85.97500101725261,
            90.0,
            90.0,
            91.03666687011719,
            0.0,
            0.0,
            0.0
        ],
        "std": [
            0.0,
            28.799292755226237,
            1.1927433156496035,
            0.0,
            0.0,
            0.9992282761686881,
            0.0,
            0.0,
            0.0
        ],
        "count": [
            1200
        ],
        "q01": [
            90.0,
            -1.0000000000000002e-10,
            81.99999999996666,
            90.0,
            90.0,
            90.66666666663333,
            3.9999999999994176e-16,
            3.9999999999994176e-16,
            3.9999999999994176e-16
        ],
        "q10": [
            90.0,
            7.342904761819665,
            85.99900484172987,
            90.0,
            90.0,
            90.66666666663333,
            3.999999999999417e-15,
            3.999999999999417e-15,
            3.999999999999417e-15
        ],
        "q50": [
            90.00000000000004,
            49.996821885523204,
            85.9994815642625,
            90.00000000000004,
            90.00000000000004,
            91.33321321324655,
            1.9999999999997088e-14,
            1.9999999999997088e-14,
            1.9999999999997088e-14
        ],
        "q90": [
            90.00000000000004,
            86.66247474755042,
            85.99995828679509,
            90.00000000000004,
            90.00000000000004,
            91.33330930934267,
            3.599999999999476e-14,
            3.599999999999476e-14,
            3.599999999999476e-14
        ],